Item 1,Item 2,Item 3,Image Source
https://www.toolup.com/product-images/Dewalt-DCD740B_01.jpg,https://www.toolup.com/product-images/Dewalt-DCD740B_01.jpg,https://www.toolup.com/product-images/Dewalt-DCB205-2CK_01.jpg,DCD740B-DCB205-2CK
https://www.toolup.com/product-images/Dewalt-DCD740B_01.jpg,https://www.toolup.com/product-images/Dewalt-DCE100B_01.jpg,https://www.toolup.com/product-images/Dewalt-DCB205-2CK_01.jpg,DCD740B-DCE100B-DCB205-2CK
https://www.toolup.com/product-images/Dewalt-DCD740B_01.jpg,https://www.toolup.com/product-images/DeWalt-DCE511B_01.jpg,https://www.toolup.com/product-images/Dewalt-DCB205-2CK_01.jpg,DCD740B-DCE511B-DCB205-2CK
https://www.toolup.com/product-images/Dewalt-DCD740B_01.jpg,https://www.toolup.com/product-images/Dewalt-DCF880B_01.jpg,https://www.toolup.com/product-images/Dewalt-DCB205-2CK_01.jpg,DCD740B-DCF880B-DCB205-2CK
https://www.toolup.com/product-images/Dewalt-DCD740B_01.jpg,https://www.toolup.com/product-images/Dewalt-DCF883B_01.jpg,https://www.toolup.com/product-images/Dewalt-DCB205-2CK_01.jpg,DCD740B-DCF883B-DCB205-2CK
https://www.toolup.com/product-images/Dewalt-DCD740B_01.jpg,https://www.toolup.com/product-images/Dewalt-DCG412B_01.jpg,https://www.toolup.com/product-images/Dewalt-DCB205-2CK_01.jpg,DCD740B-DCG412B-DCB205-2CK
https://www.toolup.com/product-images/Dewalt-DCD740B_01.jpg,https://www.toolup.com/product-images/DEWA-DCGG571B_01.jpg,https://www.toolup.com/product-images/Dewalt-DCB205-2CK_01.jpg,DCD740B-DCGG571B-DCB205-2CK
https://www.toolup.com/product-images/Dewalt-DCD740B_01.jpg,https://www.toolup.com/product-images/DeWalt-DCL074_01.jpg,https://www.toolup.com/product-images/Dewalt-DCB205-2CK_01.jpg,DCD740B-DCL074-DCB205-2CK
https://www.toolup.com/product-images/Dewalt-DCD740B_01.jpg,https://www.toolup.com/product-images/DEWALT-DCL079B_01.jpg,https://www.toolup.com/product-images/Dewalt-DCB205-2CK_01.jpg,DCD740B-DCL079B-DCB205-2CK
https://www.toolup.com/product-images/Dewalt-DCD740B_01.jpg,https://www.toolup.com/product-images/Dewalt-DCS331B_01.jpg,https://www.toolup.com/product-images/Dewalt-DCB205-2CK_01.jpg,DCD740B-DCS331B-DCB205-2CK
https://www.toolup.com/product-images/Dewalt-DCD740B_01.jpg,https://www.toolup.com/product-images/DeWalt-DCS361B_01.jpg,https://www.toolup.com/product-images/Dewalt-DCB205-2CK_01.jpg,DCD740B-DCS361B-DCB205-2CK
https://www.toolup.com/product-images/Dewalt-DCD740B_01.jpg,https://www.toolup.com/product-images/DEWA-DCS371B_01.jpg,https://www.toolup.com/product-images/Dewalt-DCB205-2CK_01.jpg,DCD740B-DCS371B-DCB205-2CK
https://www.toolup.com/product-images/Dewalt-DCD740B_01.jpg,https://www.toolup.com/product-images/DeWalt-DCS373B_01.jpg,https://www.toolup.com/product-images/Dewalt-DCB205-2CK_01.jpg,DCD740B-DCS373B-DCB205-2CK
https://www.toolup.com/product-images/Dewalt-DCD740B_01.jpg,https://www.toolup.com/product-images/Dewalt-DCS380B_01.jpg,https://www.toolup.com/product-images/Dewalt-DCB205-2CK_01.jpg,DCD740B-DCS380B-DCB205-2CK
https://www.toolup.com/product-images/Dewalt-DCD740B_01.jpg,https://www.toolup.com/product-images/Dewalt-DCS387B_01.jpg,https://www.toolup.com/product-images/Dewalt-DCB205-2CK_01.jpg,DCD740B-DCS387B-DCB205-2CK
https://www.toolup.com/product-images/Dewalt-DCD740B_01.jpg,https://www.toolup.com/product-images/Dewalt-DCS391B_01.jpg,https://www.toolup.com/product-images/Dewalt-DCB205-2CK_01.jpg,DCD740B-DCS391B-DCB205-2CK
https://www.toolup.com/product-images/Dewalt-DCD740B_01.jpg,https://www.toolup.com/product-images/Dewalt-DCS491B_01.jpg,https://www.toolup.com/product-images/Dewalt-DCB205-2CK_01.jpg,DCD740B-DCS491B-DCB205-2CK
https://www.toolup.com/product-images/Dewalt-DCD740B_01.jpg,https://www.toolup.com/product-images/Dewalt-DCS494B_01.jpg,https://www.toolup.com/product-images/Dewalt-DCB205-2CK_01.jpg,DCD740B-DCS494B-DCB205-2CK
https://www.toolup.com/product-images/Dewalt-DCD740B_01.jpg,https://www.toolup.com/product-images/Dewalt-DCS496B_01.jpg,https://www.toolup.com/product-images/Dewalt-DCB205-2CK_01.jpg,DCD740B-DCS496B-DCB205-2CK
https://www.toolup.com/product-images/Dewalt-DCD740B_01.jpg,https://www.toolup.com/product-images/Dewalt-DCS551B_01.jpg,https://www.toolup.com/product-images/Dewalt-DCB205-2CK_01.jpg,DCD740B-DCS551B-DCB205-2CK
https://www.toolup.com/product-images/Dewalt-DCD740B_01.jpg,https://www.toolup.com/product-images/Dewalt-DCV517B_01.jpg,https://www.toolup.com/product-images/Dewalt-DCB205-2CK_01.jpg,DCD740B-DCV517B-DCB205-2CK
https://www.toolup.com/product-images/Dewalt-DCD740B_01.jpg,https://www.toolup.com/product-images/DeWalt-DCV581H_01.jpg,https://www.toolup.com/product-images/Dewalt-DCB205-2CK_01.jpg,DCD740B-DCV581H-DCB205-2CK
https://www.toolup.com/product-images/Dewalt-DCD740B_01.jpg,https://www.toolup.com/product-images/Dewalt-DCD791B_01.jpg,https://www.toolup.com/product-images/Dewalt-DCB205-2CK_01.jpg,DCD740B-DCD791B-DCB205-2CK
https://www.toolup.com/product-images/Dewalt-DCD740B_01.jpg,https://www.toolup.com/product-images/Dewalt-DCD991B_01.jpg,https://www.toolup.com/product-images/Dewalt-DCB205-2CK_01.jpg,DCD740B-DCD991B-DCB205-2CK
https://www.toolup.com/product-images/Dewalt-DCD740B_01.jpg,https://www.toolup.com/product-images/Dewalt-DCD996B_01.jpg,https://www.toolup.com/product-images/Dewalt-DCB205-2CK_01.jpg,DCD740B-DCD996B-DCB205-2CK
https://www.toolup.com/product-images/Dewalt-DCD740B_01.jpg,https://www.toolup.com/product-images/DeWalt-DCD997B_01.jpg,https://www.toolup.com/product-images/Dewalt-DCB205-2CK_01.jpg,DCD740B-DCD997B-DCB205-2CK
https://www.toolup.com/product-images/Dewalt-DCD740B_01.jpg,https://www.toolup.com/product-images/Dewalt-DCF620B_01.jpg,https://www.toolup.com/product-images/Dewalt-DCB205-2CK_01.jpg,DCD740B-DCF620B-DCB205-2CK
https://www.toolup.com/product-images/Dewalt-DCD740B_01.jpg,https://www.toolup.com/product-images/DeWalt-DCF622B_01.jpg,https://www.toolup.com/product-images/Dewalt-DCB205-2CK_01.jpg,DCD740B-DCF622B-DCB205-2CK
https://www.toolup.com/product-images/Dewalt-DCD740B_01.jpg,https://www.toolup.com/product-images/Dewalt-DCF887B_01.jpg,https://www.toolup.com/product-images/Dewalt-DCB205-2CK_01.jpg,DCD740B-DCF887B-DCB205-2CK
https://www.toolup.com/product-images/Dewalt-DCD740B_01.jpg,https://www.toolup.com/product-images/DeWalt-DCF888B_01.jpg,https://www.toolup.com/product-images/Dewalt-DCB205-2CK_01.jpg,DCD740B-DCF888B-DCB205-2CK
https://www.toolup.com/product-images/Dewalt-DCD740B_01.jpg,https://www.toolup.com/product-images/Dewalt-DCF890B_01.jpg,https://www.toolup.com/product-images/Dewalt-DCB205-2CK_01.jpg,DCD740B-DCF890B-DCB205-2CK
https://www.toolup.com/product-images/Dewalt-DCD740B_01.jpg,https://www.toolup.com/product-images/DeWalt-DCF894B_01.jpg,https://www.toolup.com/product-images/Dewalt-DCB205-2CK_01.jpg,DCD740B-DCF894B-DCB205-2CK
https://www.toolup.com/product-images/Dewalt-DCD740B_01.jpg,https://www.toolup.com/product-images/DeWalt-DCF894HB_01.jpg,https://www.toolup.com/product-images/Dewalt-DCB205-2CK_01.jpg,DCD740B-DCF894HB-DCB205-2CK
https://www.toolup.com/product-images/Dewalt-DCD740B_01.jpg,https://www.toolup.com/product-images/Dewalt-DCF897B_01.jpg,https://www.toolup.com/product-images/Dewalt-DCB205-2CK_01.jpg,DCD740B-DCF897B-DCB205-2CK
https://www.toolup.com/product-images/Dewalt-DCD740B_01.jpg,https://www.toolup.com/product-images/Dewalt-DCF898B_01.jpg,https://www.toolup.com/product-images/Dewalt-DCB205-2CK_01.jpg,DCD740B-DCF898B-DCB205-2CK
https://www.toolup.com/product-images/Dewalt-DCD740B_01.jpg,https://www.toolup.com/product-images/DeWalt-DCF899B_01.jpg,https://www.toolup.com/product-images/Dewalt-DCB205-2CK_01.jpg,DCD740B-DCF899B-DCB205-2CK
https://www.toolup.com/product-images/Dewalt-DCD740B_01.jpg,https://www.toolup.com/product-images/DeWalt-DCF899HB_01.jpg,https://www.toolup.com/product-images/Dewalt-DCB205-2CK_01.jpg,DCD740B-DCF899HB-DCB205-2CK
https://www.toolup.com/product-images/Dewalt-DCD740B_01.jpg,https://www.toolup.com/product-images/DeWalt-DCG413B_01.jpg,https://www.toolup.com/product-images/Dewalt-DCB205-2CK_01.jpg,DCD740B-DCG413B-DCB205-2CK
https://www.toolup.com/product-images/Dewalt-DCD740B_01.jpg,https://www.toolup.com/product-images/DeWalt-DCG413FB_01.jpg,https://www.toolup.com/product-images/Dewalt-DCB205-2CK_01.jpg,DCD740B-DCG413FB-DCB205-2CK
https://www.toolup.com/product-images/Dewalt-DCD740B_01.jpg,https://www.toolup.com/product-images/Dewalt-DCH133B_01.jpg,https://www.toolup.com/product-images/Dewalt-DCB205-2CK_01.jpg,DCD740B-DCH133B-DCB205-2CK
https://www.toolup.com/product-images/Dewalt-DCD740B_01.jpg,https://www.toolup.com/product-images/Dewalt-DCH273B_01.jpg,https://www.toolup.com/product-images/Dewalt-DCB205-2CK_01.jpg,DCD740B-DCH273B-DCB205-2CK
https://www.toolup.com/product-images/Dewalt-DCD740B_01.jpg,https://www.toolup.com/product-images/Dewalt-DCP580B_01.jpg,https://www.toolup.com/product-images/Dewalt-DCB205-2CK_01.jpg,DCD740B-DCP580B-DCB205-2CK
https://www.toolup.com/product-images/Dewalt-DCD740B_01.jpg,https://www.toolup.com/product-images/Dewalt-DCS367B_01.jpg,https://www.toolup.com/product-images/Dewalt-DCB205-2CK_01.jpg,DCD740B-DCS367B-DCB205-2CK
https://www.toolup.com/product-images/Dewalt-DCD740B_01.jpg,https://www.toolup.com/product-images/DeWalt-DCS570B_01.jpg,https://www.toolup.com/product-images/Dewalt-DCB205-2CK_01.jpg,DCD740B-DCS570B-DCB205-2CK
https://www.toolup.com/product-images/Dewalt-DCD740B_01.jpg,https://www.toolup.com/product-images/DeWalt-DCW210B_01.jpg,https://www.toolup.com/product-images/Dewalt-DCB205-2CK_01.jpg,DCD740B-DCW210B-DCB205-2CK
https://www.toolup.com/product-images/Dewalt-DCD740B_01.jpg,https://www.toolup.com/product-images/DeWalt-DCCS620B_01.jpg,https://www.toolup.com/product-images/Dewalt-DCB205-2CK_01.jpg,DCD740B-DCCS620B-DCB205-2CK
https://www.toolup.com/product-images/Dewalt-DCD740B_01.jpg,https://www.toolup.com/product-images/DeWalt-DCG426B_01.jpg,https://www.toolup.com/product-images/Dewalt-DCB205-2CK_01.jpg,DCD740B-DCG426B-DCB205-2CK
https://www.toolup.com/product-images/Dewalt-DCD740B_01.jpg,https://www.toolup.com/product-images/DeWalt-DCH263B_01.jpg,https://www.toolup.com/product-images/Dewalt-DCB205-2CK_01.jpg,DCD740B-DCH263B-DCB205-2CK
https://www.toolup.com/product-images/Dewalt-DCD740B_01.jpg,https://www.toolup.com/product-images/Dewalt-DCN692B_01.jpg,https://www.toolup.com/product-images/Dewalt-DCB205-2CK_01.jpg,DCD740B-DCN692B-DCB205-2CK
https://www.toolup.com/product-images/Dewalt-DCD740B_01.jpg,https://www.toolup.com/product-images/Dewalt-DCS374B_01.jpg,https://www.toolup.com/product-images/Dewalt-DCB205-2CK_01.jpg,DCD740B-DCS374B-DCB205-2CK
https://www.toolup.com/product-images/Dewalt-DCD740B_01.jpg,https://www.toolup.com/product-images/DeWalt-DCW600B_01.jpg,https://www.toolup.com/product-images/Dewalt-DCB205-2CK_01.jpg,DCD740B-DCW600B-DCB205-2CK
https://www.toolup.com/product-images/Dewalt-DCE100B_01.jpg,https://www.toolup.com/product-images/Dewalt-DCE100B_01.jpg,https://www.toolup.com/product-images/Dewalt-DCB205-2CK_01.jpg,DCE100B-DCB205-2CK
https://www.toolup.com/product-images/Dewalt-DCE100B_01.jpg,https://www.toolup.com/product-images/DeWalt-DCE511B_01.jpg,https://www.toolup.com/product-images/Dewalt-DCB205-2CK_01.jpg,DCE100B-DCE511B-DCB205-2CK
https://www.toolup.com/product-images/Dewalt-DCE100B_01.jpg,https://www.toolup.com/product-images/Dewalt-DCF880B_01.jpg,https://www.toolup.com/product-images/Dewalt-DCB205-2CK_01.jpg,DCE100B-DCF880B-DCB205-2CK
https://www.toolup.com/product-images/Dewalt-DCE100B_01.jpg,https://www.toolup.com/product-images/Dewalt-DCF883B_01.jpg,https://www.toolup.com/product-images/Dewalt-DCB205-2CK_01.jpg,DCE100B-DCF883B-DCB205-2CK
https://www.toolup.com/product-images/Dewalt-DCE100B_01.jpg,https://www.toolup.com/product-images/Dewalt-DCG412B_01.jpg,https://www.toolup.com/product-images/Dewalt-DCB205-2CK_01.jpg,DCE100B-DCG412B-DCB205-2CK
https://www.toolup.com/product-images/Dewalt-DCE100B_01.jpg,https://www.toolup.com/product-images/DEWA-DCGG571B_01.jpg,https://www.toolup.com/product-images/Dewalt-DCB205-2CK_01.jpg,DCE100B-DCGG571B-DCB205-2CK
https://www.toolup.com/product-images/Dewalt-DCE100B_01.jpg,https://www.toolup.com/product-images/DeWalt-DCL074_01.jpg,https://www.toolup.com/product-images/Dewalt-DCB205-2CK_01.jpg,DCE100B-DCL074-DCB205-2CK
https://www.toolup.com/product-images/Dewalt-DCE100B_01.jpg,https://www.toolup.com/product-images/DEWALT-DCL079B_01.jpg,https://www.toolup.com/product-images/Dewalt-DCB205-2CK_01.jpg,DCE100B-DCL079B-DCB205-2CK
https://www.toolup.com/product-images/Dewalt-DCE100B_01.jpg,https://www.toolup.com/product-images/Dewalt-DCS331B_01.jpg,https://www.toolup.com/product-images/Dewalt-DCB205-2CK_01.jpg,DCE100B-DCS331B-DCB205-2CK
https://www.toolup.com/product-images/Dewalt-DCE100B_01.jpg,https://www.toolup.com/product-images/DeWalt-DCS361B_01.jpg,https://www.toolup.com/product-images/Dewalt-DCB205-2CK_01.jpg,DCE100B-DCS361B-DCB205-2CK
https://www.toolup.com/product-images/Dewalt-DCE100B_01.jpg,https://www.toolup.com/product-images/DEWA-DCS371B_01.jpg,https://www.toolup.com/product-images/Dewalt-DCB205-2CK_01.jpg,DCE100B-DCS371B-DCB205-2CK
https://www.toolup.com/product-images/Dewalt-DCE100B_01.jpg,https://www.toolup.com/product-images/DeWalt-DCS373B_01.jpg,https://www.toolup.com/product-images/Dewalt-DCB205-2CK_01.jpg,DCE100B-DCS373B-DCB205-2CK
https://www.toolup.com/product-images/Dewalt-DCE100B_01.jpg,https://www.toolup.com/product-images/Dewalt-DCS380B_01.jpg,https://www.toolup.com/product-images/Dewalt-DCB205-2CK_01.jpg,DCE100B-DCS380B-DCB205-2CK
https://www.toolup.com/product-images/Dewalt-DCE100B_01.jpg,https://www.toolup.com/product-images/Dewalt-DCS387B_01.jpg,https://www.toolup.com/product-images/Dewalt-DCB205-2CK_01.jpg,DCE100B-DCS387B-DCB205-2CK
https://www.toolup.com/product-images/Dewalt-DCE100B_01.jpg,https://www.toolup.com/product-images/Dewalt-DCS391B_01.jpg,https://www.toolup.com/product-images/Dewalt-DCB205-2CK_01.jpg,DCE100B-DCS391B-DCB205-2CK
https://www.toolup.com/product-images/Dewalt-DCE100B_01.jpg,https://www.toolup.com/product-images/Dewalt-DCS491B_01.jpg,https://www.toolup.com/product-images/Dewalt-DCB205-2CK_01.jpg,DCE100B-DCS491B-DCB205-2CK
https://www.toolup.com/product-images/Dewalt-DCE100B_01.jpg,https://www.toolup.com/product-images/Dewalt-DCS494B_01.jpg,https://www.toolup.com/product-images/Dewalt-DCB205-2CK_01.jpg,DCE100B-DCS494B-DCB205-2CK
https://www.toolup.com/product-images/Dewalt-DCE100B_01.jpg,https://www.toolup.com/product-images/Dewalt-DCS496B_01.jpg,https://www.toolup.com/product-images/Dewalt-DCB205-2CK_01.jpg,DCE100B-DCS496B-DCB205-2CK
https://www.toolup.com/product-images/Dewalt-DCE100B_01.jpg,https://www.toolup.com/product-images/Dewalt-DCS551B_01.jpg,https://www.toolup.com/product-images/Dewalt-DCB205-2CK_01.jpg,DCE100B-DCS551B-DCB205-2CK
https://www.toolup.com/product-images/Dewalt-DCE100B_01.jpg,https://www.toolup.com/product-images/Dewalt-DCV517B_01.jpg,https://www.toolup.com/product-images/Dewalt-DCB205-2CK_01.jpg,DCE100B-DCV517B-DCB205-2CK
https://www.toolup.com/product-images/Dewalt-DCE100B_01.jpg,https://www.toolup.com/product-images/DeWalt-DCV581H_01.jpg,https://www.toolup.com/product-images/Dewalt-DCB205-2CK_01.jpg,DCE100B-DCV581H-DCB205-2CK
https://www.toolup.com/product-images/Dewalt-DCE100B_01.jpg,https://www.toolup.com/product-images/Dewalt-DCD791B_01.jpg,https://www.toolup.com/product-images/Dewalt-DCB205-2CK_01.jpg,DCE100B-DCD791B-DCB205-2CK
https://www.toolup.com/product-images/Dewalt-DCE100B_01.jpg,https://www.toolup.com/product-images/Dewalt-DCD991B_01.jpg,https://www.toolup.com/product-images/Dewalt-DCB205-2CK_01.jpg,DCE100B-DCD991B-DCB205-2CK
https://www.toolup.com/product-images/Dewalt-DCE100B_01.jpg,https://www.toolup.com/product-images/Dewalt-DCD996B_01.jpg,https://www.toolup.com/product-images/Dewalt-DCB205-2CK_01.jpg,DCE100B-DCD996B-DCB205-2CK
https://www.toolup.com/product-images/Dewalt-DCE100B_01.jpg,https://www.toolup.com/product-images/DeWalt-DCD997B_01.jpg,https://www.toolup.com/product-images/Dewalt-DCB205-2CK_01.jpg,DCE100B-DCD997B-DCB205-2CK
https://www.toolup.com/product-images/Dewalt-DCE100B_01.jpg,https://www.toolup.com/product-images/Dewalt-DCF620B_01.jpg,https://www.toolup.com/product-images/Dewalt-DCB205-2CK_01.jpg,DCE100B-DCF620B-DCB205-2CK
https://www.toolup.com/product-images/Dewalt-DCE100B_01.jpg,https://www.toolup.com/product-images/DeWalt-DCF622B_01.jpg,https://www.toolup.com/product-images/Dewalt-DCB205-2CK_01.jpg,DCE100B-DCF622B-DCB205-2CK
https://www.toolup.com/product-images/Dewalt-DCE100B_01.jpg,https://www.toolup.com/product-images/Dewalt-DCF887B_01.jpg,https://www.toolup.com/product-images/Dewalt-DCB205-2CK_01.jpg,DCE100B-DCF887B-DCB205-2CK
https://www.toolup.com/product-images/Dewalt-DCE100B_01.jpg,https://www.toolup.com/product-images/DeWalt-DCF888B_01.jpg,https://www.toolup.com/product-images/Dewalt-DCB205-2CK_01.jpg,DCE100B-DCF888B-DCB205-2CK
https://www.toolup.com/product-images/Dewalt-DCE100B_01.jpg,https://www.toolup.com/product-images/Dewalt-DCF890B_01.jpg,https://www.toolup.com/product-images/Dewalt-DCB205-2CK_01.jpg,DCE100B-DCF890B-DCB205-2CK
https://www.toolup.com/product-images/Dewalt-DCE100B_01.jpg,https://www.toolup.com/product-images/DeWalt-DCF894B_01.jpg,https://www.toolup.com/product-images/Dewalt-DCB205-2CK_01.jpg,DCE100B-DCF894B-DCB205-2CK
https://www.toolup.com/product-images/Dewalt-DCE100B_01.jpg,https://www.toolup.com/product-images/DeWalt-DCF894HB_01.jpg,https://www.toolup.com/product-images/Dewalt-DCB205-2CK_01.jpg,DCE100B-DCF894HB-DCB205-2CK
https://www.toolup.com/product-images/Dewalt-DCE100B_01.jpg,https://www.toolup.com/product-images/Dewalt-DCF897B_01.jpg,https://www.toolup.com/product-images/Dewalt-DCB205-2CK_01.jpg,DCE100B-DCF897B-DCB205-2CK
https://www.toolup.com/product-images/Dewalt-DCE100B_01.jpg,https://www.toolup.com/product-images/Dewalt-DCF898B_01.jpg,https://www.toolup.com/product-images/Dewalt-DCB205-2CK_01.jpg,DCE100B-DCF898B-DCB205-2CK
https://www.toolup.com/product-images/Dewalt-DCE100B_01.jpg,https://www.toolup.com/product-images/DeWalt-DCF899B_01.jpg,https://www.toolup.com/product-images/Dewalt-DCB205-2CK_01.jpg,DCE100B-DCF899B-DCB205-2CK
https://www.toolup.com/product-images/Dewalt-DCE100B_01.jpg,https://www.toolup.com/product-images/DeWalt-DCF899HB_01.jpg,https://www.toolup.com/product-images/Dewalt-DCB205-2CK_01.jpg,DCE100B-DCF899HB-DCB205-2CK
https://www.toolup.com/product-images/Dewalt-DCE100B_01.jpg,https://www.toolup.com/product-images/DeWalt-DCG413B_01.jpg,https://www.toolup.com/product-images/Dewalt-DCB205-2CK_01.jpg,DCE100B-DCG413B-DCB205-2CK
https://www.toolup.com/product-images/Dewalt-DCE100B_01.jpg,https://www.toolup.com/product-images/DeWalt-DCG413FB_01.jpg,https://www.toolup.com/product-images/Dewalt-DCB205-2CK_01.jpg,DCE100B-DCG413FB-DCB205-2CK
https://www.toolup.com/product-images/Dewalt-DCE100B_01.jpg,https://www.toolup.com/product-images/Dewalt-DCH133B_01.jpg,https://www.toolup.com/product-images/Dewalt-DCB205-2CK_01.jpg,DCE100B-DCH133B-DCB205-2CK
https://www.toolup.com/product-images/Dewalt-DCE100B_01.jpg,https://www.toolup.com/product-images/Dewalt-DCH273B_01.jpg,https://www.toolup.com/product-images/Dewalt-DCB205-2CK_01.jpg,DCE100B-DCH273B-DCB205-2CK
https://www.toolup.com/product-images/Dewalt-DCE100B_01.jpg,https://www.toolup.com/product-images/Dewalt-DCP580B_01.jpg,https://www.toolup.com/product-images/Dewalt-DCB205-2CK_01.jpg,DCE100B-DCP580B-DCB205-2CK
https://www.toolup.com/product-images/Dewalt-DCE100B_01.jpg,https://www.toolup.com/product-images/Dewalt-DCS367B_01.jpg,https://www.toolup.com/product-images/Dewalt-DCB205-2CK_01.jpg,DCE100B-DCS367B-DCB205-2CK
https://www.toolup.com/product-images/Dewalt-DCE100B_01.jpg,https://www.toolup.com/product-images/DeWalt-DCS570B_01.jpg,https://www.toolup.com/product-images/Dewalt-DCB205-2CK_01.jpg,DCE100B-DCS570B-DCB205-2CK
https://www.toolup.com/product-images/Dewalt-DCE100B_01.jpg,https://www.toolup.com/product-images/DeWalt-DCW210B_01.jpg,https://www.toolup.com/product-images/Dewalt-DCB205-2CK_01.jpg,DCE100B-DCW210B-DCB205-2CK
https://www.toolup.com/product-images/Dewalt-DCE100B_01.jpg,https://www.toolup.com/product-images/DeWalt-DCCS620B_01.jpg,https://www.toolup.com/product-images/Dewalt-DCB205-2CK_01.jpg,DCE100B-DCCS620B-DCB205-2CK
https://www.toolup.com/product-images/Dewalt-DCE100B_01.jpg,https://www.toolup.com/product-images/DeWalt-DCG426B_01.jpg,https://www.toolup.com/product-images/Dewalt-DCB205-2CK_01.jpg,DCE100B-DCG426B-DCB205-2CK
https://www.toolup.com/product-images/Dewalt-DCE100B_01.jpg,https://www.toolup.com/product-images/DeWalt-DCH263B_01.jpg,https://www.toolup.com/product-images/Dewalt-DCB205-2CK_01.jpg,DCE100B-DCH263B-DCB205-2CK
https://www.toolup.com/product-images/Dewalt-DCE100B_01.jpg,https://www.toolup.com/product-images/Dewalt-DCN692B_01.jpg,https://www.toolup.com/product-images/Dewalt-DCB205-2CK_01.jpg,DCE100B-DCN692B-DCB205-2CK
https://www.toolup.com/product-images/Dewalt-DCE100B_01.jpg,https://www.toolup.com/product-images/Dewalt-DCS374B_01.jpg,https://www.toolup.com/product-images/Dewalt-DCB205-2CK_01.jpg,DCE100B-DCS374B-DCB205-2CK
https://www.toolup.com/product-images/Dewalt-DCE100B_01.jpg,https://www.toolup.com/product-images/DeWalt-DCW600B_01.jpg,https://www.toolup.com/product-images/Dewalt-DCB205-2CK_01.jpg,DCE100B-DCW600B-DCB205-2CK